{
  "name": "אסאלה ברהום",
  "data": [
    {
      "EventType": "COURSE",
      "Authority": "מטה יהודה",
      "School": "יסודי עין נקובא- ראפה",
      "Program": "מנהיגות ירוקה",
      "CourseManager": "גיל נאמן",
      "Employee": "אסאלה ברהום",
      "EmployeeID": 1525,
      "StartTime": 0.36111111111111094,
      "EndTime": 0.3888888888888886,
      "Date1": 46071,
      "Date2": 46078,
      "Date3": 46092,
      "Date4": 46099,
      "Date5": 46127,
      "Date6": 46141,
      "Date7": 46148,
      "Date8": 46155,
      "Date9": 46162,
      "Date10": 46169,
      "End": 46169,
      "MonthEnd": 5,
      "MonthStart": 2,
      "Dates": [
        46071,
        46078,
        46092,
        46099,
        46127,
        46141,
        46148,
        46155,
        46162,
        46169
      ],
      "InstructorManager": "גיל נאמן"
    }
  ]
}