{
  "name": "עליזה מולה",
  "data": [
    {
      "EventType": "COURSE",
      "Authority": "אשכול",
      "School": "מרחבי אשכול",
      "Program": "ביומימיקרי",
      "CourseManager": "לינוי שמואל מזרחי",
      "Employee": "עליזה מולה",
      "EmployeeID": 1504,
      "StartTime": 0.33333333333333326,
      "EndTime": 0.3749999999999998,
      "Date1": 45914,
      "Date2": 45921,
      "Date3": 45984,
      "Date4": 45991,
      "Date5": 45998,
      "Date6": 46005,
      "Date7": 46026,
      "Date8": 46033,
      "Date9": 46040,
      "Date10": 46089,
      "Date11": 46096,
      "Date12": 46103,
      "Date13": 46124,
      "Date14": 46131,
      "End": 46131,
      "MonthEnd": 4,
      "MonthStart": 9,
      "Dates": [
        45914,
        45921,
        45984,
        45991,
        45998,
        46005,
        46026,
        46033,
        46040,
        46089,
        46096,
        46103,
        46124,
        46131
      ],
      "InstructorManager": "לינוי שמואל מזרחי"
    },
    {
      "EventType": "COURSE",
      "Authority": "אשכול",
      "School": "מרחבי אשכול",
      "Program": "ביומימיקרי",
      "CourseManager": "לינוי שמואל מזרחי",
      "Employee": "עליזה מולה",
      "EmployeeID": 1504,
      "StartTime": 0.3749999999999998,
      "EndTime": 0.4166666666666663,
      "Date1": 45914,
      "Date2": 45921,
      "Date3": 45984,
      "Date4": 45991,
      "Date5": 45998,
      "Date6": 46005,
      "Date7": 46026,
      "Date8": 46033,
      "Date9": 46040,
      "Date10": 46089,
      "Date11": 46096,
      "Date12": 46103,
      "Date13": 46124,
      "Date14": 46131,
      "End": 46131,
      "MonthEnd": 4,
      "MonthStart": 9,
      "Dates": [
        45914,
        45921,
        45984,
        45991,
        45998,
        46005,
        46026,
        46033,
        46040,
        46089,
        46096,
        46103,
        46124,
        46131
      ],
      "InstructorManager": "לינוי שמואל מזרחי"
    },
    {
      "EventType": "COURSE",
      "Authority": "אשכול",
      "School": "מרחבי אשכול",
      "Program": "ביומימיקרי",
      "CourseManager": "לינוי שמואל מזרחי",
      "Employee": "עליזה מולה",
      "EmployeeID": 1504,
      "StartTime": 0.4166666666666663,
      "EndTime": 0.4583333333333328,
      "Date1": 45914,
      "Date2": 45921,
      "Date3": 45984,
      "Date4": 45991,
      "Date5": 45998,
      "Date6": 46005,
      "Date7": 46026,
      "Date8": 46033,
      "Date9": 46040,
      "Date10": 46089,
      "Date11": 46096,
      "Date12": 46103,
      "Date13": 46124,
      "Date14": 46131,
      "End": 46131,
      "MonthEnd": 4,
      "MonthStart": 9,
      "Dates": [
        45914,
        45921,
        45984,
        45991,
        45998,
        46005,
        46026,
        46033,
        46040,
        46089,
        46096,
        46103,
        46124,
        46131
      ],
      "InstructorManager": "לינוי שמואל מזרחי"
    },
    {
      "EventType": "COURSE",
      "Authority": "יבנה",
      "School": "פרדס צפוני",
      "Program": "ביומימיקרי",
      "CourseManager": "לינוי שמואל מזרחי",
      "Employee": "עליזה מולה",
      "EmployeeID": 1504,
      "StartTime": 0.33333333333333326,
      "EndTime": 0.40277777777777746,
      "Date1": 46036,
      "Date2": 46043,
      "Date3": 46050,
      "Date4": 46057,
      "Date5": 46064,
      "Date6": 46071,
      "Date7": 46078,
      "Date8": 46092,
      "Date9": 46099,
      "Date10": 46127,
      "End": 46127,
      "MonthEnd": 4,
      "MonthStart": 1,
      "Dates": [
        46036,
        46043,
        46050,
        46057,
        46064,
        46071,
        46078,
        46092,
        46099,
        46127
      ],
      "InstructorManager": "לינוי שמואל מזרחי"
    },
    {
      "EventType": "COURSE",
      "Authority": "אשכול",
      "School": "מרחבי אשכול",
      "Program": "בינה מלאכותית",
      "CourseManager": "לינוי שמואל מזרחי",
      "Employee": "עליזה מולה",
      "EmployeeID": 1504,
      "StartTime": 0.4583333333333328,
      "EndTime": 0.49999999999999933,
      "Date1": 45914,
      "Date2": 45921,
      "Date3": 45984,
      "Date4": 45991,
      "Date5": 45998,
      "Date6": 46005,
      "Date7": 46026,
      "Date8": 46033,
      "Date9": 46040,
      "Date10": 46089,
      "Date11": 46096,
      "Date12": 46131,
      "End": 46131,
      "MonthEnd": 4,
      "MonthStart": 9,
      "Dates": [
        45914,
        45921,
        45984,
        45991,
        45998,
        46005,
        46026,
        46033,
        46040,
        46089,
        46096,
        46131
      ],
      "InstructorManager": "לינוי שמואל מזרחי"
    },
    {
      "EventType": "COURSE",
      "Authority": "אשכול",
      "School": "מרחבי אשכול",
      "Program": "בינה מלאכותית",
      "CourseManager": "לינוי שמואל מזרחי",
      "Employee": "עליזה מולה",
      "EmployeeID": 1504,
      "StartTime": 0.49999999999999933,
      "EndTime": 0.5416666666666659,
      "Date1": 45914,
      "Date2": 45921,
      "Date3": 45984,
      "Date4": 45991,
      "Date5": 45998,
      "Date6": 46005,
      "Date7": 46026,
      "Date8": 46033,
      "Date9": 46040,
      "Date10": 46089,
      "Date11": 46096,
      "Date12": 46131,
      "End": 46131,
      "MonthEnd": 4,
      "MonthStart": 9,
      "Dates": [
        45914,
        45921,
        45984,
        45991,
        45998,
        46005,
        46026,
        46033,
        46040,
        46089,
        46096,
        46131
      ],
      "InstructorManager": "לינוי שמואל מזרחי"
    },
    {
      "EventType": "COURSE",
      "Authority": "נס ציונה",
      "School": "בן גוריון",
      "Program": "בינה מלאכותית",
      "CourseManager": "לינוי שמואל מזרחי",
      "Employee": "עליזה מולה",
      "EmployeeID": 1504,
      "StartTime": 0.5416666666666659,
      "EndTime": 0.6041666666666656,
      "Date1": 45994,
      "Date2": 46001,
      "Date3": 46022,
      "Date4": 45661,
      "Date5": 46029,
      "Date6": 46043,
      "Date7": 46050,
      "Date8": 46064,
      "End": 46064,
      "MonthEnd": 2,
      "MonthStart": 12,
      "Dates": [
        45994,
        46001,
        46022,
        45661,
        46029,
        46043,
        46050,
        46064
      ],
      "InstructorManager": "לינוי שמואל מזרחי"
    },
    {
      "EventType": "COURSE",
      "Authority": "מודיעין",
      "School": "תיכון ב'",
      "Program": "פורצות דרך",
      "CourseManager": "לינוי שמואל מזרחי",
      "Employee": "עליזה מולה",
      "EmployeeID": 1504,
      "StartTime": 0.3437499999999999,
      "EndTime": 0.40624999999999967,
      "Date1": 46027,
      "Date2": 46034,
      "Date3": 46041,
      "Date4": 46048,
      "Date5": 46055,
      "Date6": 46069,
      "Date7": 46076,
      "Date8": 46090,
      "Date9": 46097,
      "Date10": 46125,
      "Date11": 46139,
      "Date12": 46146,
      "End": 46146,
      "MonthEnd": 5,
      "MonthStart": 1,
      "Dates": [
        46027,
        46034,
        46041,
        46048,
        46055,
        46069,
        46076,
        46090,
        46097,
        46125,
        46139,
        46146
      ],
      "InstructorManager": "לינוי שמואל מזרחי"
    },
    {
      "EventType": "COURSE",
      "Authority": "יד בנימין",
      "School": "יד בנימין",
      "Program": "רוקחים עולם",
      "CourseManager": "לינוי שמואל מזרחי",
      "Employee": "עליזה מולה",
      "EmployeeID": 1504,
      "StartTime": 0.49999999999999933,
      "EndTime": 0.5624999999999991,
      "Date1": 46071,
      "Date2": 46092,
      "Date3": 46099,
      "Date4": 46127,
      "Date5": 46141,
      "Date6": 46148,
      "Date7": 46155,
      "Date8": 46162,
      "Date9": 46169,
      "Date10": 46176,
      "Date11": 46183,
      "Date12": 46190,
      "Date13": 46197,
      "End": 46197,
      "MonthEnd": 6,
      "MonthStart": 2,