{
  "name": "אילנה טיטייבסקי",
  "data": [
    {
      "EventType": "COURSE",
      "Authority": "נהריה",
      "School": "גולדה",
      "Program": "ביומימיקרי",
      "CourseManager": "גיל נאמן",
      "Employee": "אילנה טיטייבסקי ",
      "EmployeeID": 1506,
      "StartTime": 0.33333333333333326,
      "EndTime": 0.4166666666666663,
      "Date1": 45951,
      "Date2": 45972,
      "Date3": 45993,
      "Date4": 46014,
      "Date5": 46035,
      "Date6": 46056,
      "Date7": 46077,
      "Date8": 46098,
      "Date9": 46140,
      "Date10": 46161,
      "End": 46161,
      "MonthEnd": 5,
      "MonthStart": 10,
      "Dates": [
        45951,
        45972,
        45993,
        46014,
        46035,
        46056,
        46077,
        46098,
        46140,
        46161
      ],
      "InstructorManager": "גיל נאמן"
    },
    {
      "EventType": "COURSE",
      "Authority": "נהריה",
      "School": "גולדה",
      "Program": "ביומימיקרי",
      "CourseManager": "גיל נאמן",
      "Employee": "אילנה טיטייבסקי ",
      "EmployeeID": 1506,
      "StartTime": 0.4166666666666663,
      "EndTime": 0.49999999999999933,
      "Date1": 45951,
      "Date2": 45972,
      "Date3": 45993,
      "Date4": 46014,
      "Date5": 46035,
      "Date6": 46056,
      "Date7": 46077,
      "Date8": 46098,
      "Date9": 46140,
      "Date10": 46161,
      "End": 46161,
      "MonthEnd": 5,
      "MonthStart": 10,
      "Dates": [
        45951,
        45972,
        45993,
        46014,
        46035,
        46056,
        46077,
        46098,
        46140,
        46161
      ],
      "InstructorManager": "גיל נאמן"
    },
    {
      "EventType": "COURSE",
      "Authority": "נהריה",
      "School": "גולדה",
      "Program": "ביומימיקרי",
      "CourseManager": "גיל נאמן",
      "Employee": "אילנה טיטייבסקי ",
      "EmployeeID": 1506,
      "StartTime": 0.33333333333333326,
      "EndTime": 0.4166666666666663,
      "Date1": 45952,
      "Date2": 45973,
      "Date3": 45994,
      "Date4": 46015,
      "Date5": 46036,
      "Date6": 46057,
      "Date7": 46078,
      "Date8": 46099,
      "Date9": 46141,
      "Date10": 46162,
      "End": 46162,
      "MonthEnd": 5,
      "MonthStart": 10,
      "Dates": [
        45952,
        45973,
        45994,
        46015,
        46036,
        46057,
        46078,
        46099,
        46141,
        46162
      ],
      "InstructorManager": "גיל נאמן"
    },
    {
      "EventType": "COURSE",
      "Authority": "נהריה",
      "School": "גולדה",
      "Program": "ביומימיקרי",
      "CourseManager": "גיל נאמן",
      "Employee": "אילנה טיטייבסקי ",
      "EmployeeID": 1506,
      "StartTime": 0.4166666666666663,
      "EndTime": 0.49999999999999933,
      "Date1": 45952,
      "Date2": 45973,
      "Date3": 45994,
      "Date4": 46015,
      "Date5": 46036,
      "Date6": 46057,
      "Date7": 46078,
      "Date8": 46099,
      "Date9": 46141,
      "Date10": 46162,
      "End": 46162,
      "MonthEnd": 5,
      "MonthStart": 10,
      "Dates": [
        45952,
        45973,
        45994,
        46015,
        46036,
        46057,
        46078,
        46099,
        46141,
        46162
      ],
      "InstructorManager": "גיל נאמן"
    },
    {
      "EventType": "COURSE",
      "Authority": "נהריה",
      "School": "רמב\"ם",
      "Program": "בינה מלאכותית",
      "CourseManager": "גיל נאמן",
      "Employee": "אילנה טיטייבסקי ",
      "EmployeeID": 1506,
      "StartTime": 0.4270833333333329,
      "EndTime": 0.4895833333333327,
      "Date1": 46016,
      "Date2": 46023,
      "Date3": 46030,
      "Date4": 46037,
      "Date5": 46051,
      "Date6": 46058,
      "Date7": 46065,
      "Date8": 46072,
      "End": 46072,
      "MonthEnd": 2,
      "MonthStart": 12,
      "Dates": [
        46016,
        46023,
        46030,
        46037,
        46051,
        46058,
        46065,
        46072
      ],
      "InstructorManager": "גיל נאמן"
    },
    {
      "EventType": "COURSE",
      "Authority": "נהריה",
      "School": "רמב\"ם",
      "Program": "בינה מלאכותית",
      "CourseManager": "גיל נאמן",
      "Employee": "אילנה טיטייבסקי ",
      "EmployeeID": 1506,
      "StartTime": 0.33333333333333326,
      "EndTime": 0.40624999999999967,
      "Date1": 46016,
      "Date2": 46023,
      "Date3": 46030,
      "Date4": 46037,
      "Date5": 46051,
      "Date6": 46058,
      "Date7": 46065,
      "Date8": 46072,
      "End": 46072,
      "MonthEnd": 2,
      "MonthStart": 12,
      "Dates": [
        46016,
        46023,
        46030,
        46037,
        46051,
        46058,
        46065,
        46072
      ],
      "InstructorManager": "גיל נאמן"
    },
    {
      "EventType": "COURSE",
      "Authority": "נהריה",
      "School": "ישיבת אבירי יעקב",
      "Program": "השמיים אינם הגבול",
      "CourseManager": "גיל נאמן",
      "Employee": "אילנה טיטייבסקי ",
      "EmployeeID": 1506,
      "StartTime": 0.5069444444444438,
      "EndTime": 0.5659722222222213,
      "Date1": 46041,
      "Date2": 46048,
      "Date3": 46062,
      "Date4": 46069,
      "Date5": 46076,
      "Date6": 46097,
      "Date7": 46104,
      "Date8": 46125,
      "Date9": 46139,
      "Date10": 46145,
      "End": 46145,
      "MonthEnd": 5,
      "MonthStart": 1,
      "Dates": [
        46041,
        46048,
        46062,
        46069,
        46076,
        46097,
        46104,
        46125,
        46139,
        46145
      ],
      "InstructorManager": "גיל נאמן"
    }
  ]
}