{
  "name": "הגר פרירה קוראה",
  "data": [
    {
      "EventType": "COURSE",
      "Authority": "נתניה",
      "School": "אלדד",
      "Program": "בינה מלאכותית",
      "CourseManager": "גיל נאמן",
      "Employee": "הגר פרירה קוראה",
      "EmployeeID": 1510,
      "StartTime": 0.43055555555555514,
      "EndTime": 0.4930555555555549,
      "Date1": 45959,
      "Date2": 45966,
      "Date3": 45973,
      "Date4": 45980,
      "Date5": 45987,
      "Date6": 46043,
      "Date7": 46050,
      "Date8": 46064,
      "End": 46064,
      "MonthEnd": 2,
      "MonthStart": 10,
      "Dates": [
        45959,
        45966,
        45973,
        45980,
        45987,
        46043,
        46050,
        46064
      ],
      "InstructorManager": "גיל נאמן"
    },
    {
      "EventType": "COURSE",
      "Authority": "נתניה",
      "School": "אלדד",
      "Program": "יישומי AI",
      "CourseManager": "גיל נאמן",
      "Employee": "הגר פרירה קוראה",
      "EmployeeID": 1510,
      "StartTime": 0.49999999999999933,
      "EndTime": 0.5624999999999991,
      "Date1": 45959,
      "Date2": 45966,
      "Date3": 45973,
      "Date4": 45980,
      "Date5": 45987,
      "Date6": 46023,
      "Date7": 46043,
      "Date8": 46050,
      "Date9": 46064,
      "Date10": 46094,
      "End": 46094,
      "MonthEnd": 3,
      "MonthStart": 10,
      "Dates": [
        45959,
        45966,
        45973,
        45980,
        45987,
        46023,
        46043,
        46050,
        46064,
        46094
      ],
      "InstructorManager": "גיל נאמן"
    }
  ]
}