{
  "name": "כרמית סמנדרוב",
  "data": [
    {
      "EventType": "COURSE",
      "Authority": "באר יעקב",
      "School": "צאלון",
      "Program": "ביומימיקרי",
      "CourseManager": "לינוי שמואל מזרחי",
      "Employee": "כרמית סמנדרוב",
      "EmployeeID": 1511,
      "StartTime": 0.33333333333333326,
      "EndTime": 0.4166666666666663,
      "Date1": 46022,
      "Date2": 46029,
      "Date3": 46043,
      "Date4": 46050,
      "Date5": 46064,
      "Date6": 46071,
      "Date7": 46078,
      "Date8": 46090,
      "Date9": 46092,
      "Date10": 46094,
      "End": 46094,
      "MonthEnd": 3,
      "MonthStart": 12,
      "Dates": [
        46022,
        46029,
        46043,
        46050,
        46064,
        46071,
        46078,
        46090,
        46092,
        46094
      ],
      "InstructorManager": "גיל נאמן"
    },
    {
      "EventType": "COURSE",
      "Authority": "באר יעקב",
      "School": "צאלון",
      "Program": "ביומימיקרי",
      "CourseManager": "לינוי שמואל מזרחי",
      "Employee": "כרמית סמנדרוב",
      "EmployeeID": 1511,
      "StartTime": 0.4166666666666663,
      "EndTime": 0.49999999999999933,
      "Date1": 46022,
      "Date2": 46029,
      "Date3": 46043,
      "Date4": 46050,
      "Date5": 46064,
      "Date6": 46071,
      "Date7": 46078,
      "Date8": 46090,
      "Date9": 46092,
      "Date10": 46094,
      "End": 46094,
      "MonthEnd": 3,
      "MonthStart": 12,
      "Dates": [
        46022,
        46029,
        46043,
        46050,
        46064,
        46071,
        46078,
        46090,
        46092,
        46094
      ],
      "InstructorManager": "גיל נאמן"
    },
    {
      "EventType": "COURSE",
      "Authority": "ראשון לציון",
      "School": "תיכון המעיין",
      "Program": "בינה מלאכותית",
      "CourseManager": "גיל נאמן",
      "Employee": "כרמית סמנדרוב",
      "EmployeeID": 1511,
      "StartTime": 0.4270833333333329,
      "EndTime": 0.4895833333333327,
      "Date1": 45993,
      "Date2": 46000,
      "Date3": 46014,
      "Date4": 46021,
      "Date5": 46035,
      "Date6": 46042,
      "Date7": 46049,
      "Date8": 46056,
      "Date9": 46063,
      "Date10": 46070,
      "End": 46070,
      "MonthEnd": 2,
      "MonthStart": 12,
      "Dates": [
        45993,
        46000,
        46014,
        46021,
        46035,
        46042,
        46049,
        46056,
        46063,
        46070
      ],
      "InstructorManager": "גיל נאמן"
    },
    {
      "EventType": "COURSE",
      "Authority": "ראשון לציון",
      "School": "תיכון המעיין",
      "Program": "רוקחים עולם",
      "CourseManager": "גיל נאמן",
      "Employee": "כרמית סמנדרוב",
      "EmployeeID": 1511,
      "StartTime": 0.3437499999999999,
      "EndTime": 0.40624999999999967,
      "Date1": 45986,
      "Date2": 45993,
      "Date3": 46000,
      "Date4": 46014,
      "Date5": 46021,
      "Date6": 46028,
      "Date7": 46035,
      "Date8": 46042,
      "Date9": 46049,
      "Date10": 46056,
      "Date11": 46063,
      "Date12": 46070,
      "Date13": 46091,
      "End": 46091,
      "MonthEnd": 3,
      "MonthStart": 11,
      "Dates": [
        45986,
        45993,
        46000,
        46014,
        46021,
        46028,
        46035,
        46042,
        46049,
        46056,
        46063,
        46070,
        46091
      ],
      "InstructorManager": "גיל נאמן"
    }
  ]
}