{
  "name": "אביב בלנדר",
  "data": [
    {
      "EventType": "COURSE",
      "Authority": "קריית שמונה",
      "School": "מצודות",
      "Program": "ביומימיקרי",
      "CourseManager": "גיל נאמן",
      "Employee": "אביב בלנדר",
      "EmployeeID": 1522,
      "Date1": 46104,
      "Date2": 46125,
      "Date3": 46139,
      "Date4": 46146,
      "Date5": 46153,
      "Date6": 46160,
      "Date7": 46167,
      "Date8": 46174,
      "Date9": 46181,
      "Date10": 46188,
      "Date11": 46195,
      "Date12": 46202,
      "End": 46202,
      "MonthEnd": 6,
      "MonthStart": 3,
      "Dates": [
        46104,
        46125,
        46139,
        46146,
        46153,
        46160,
        46167,
        46174,
        46181,
        46188,
        46195,
        46202
      ],
      "InstructorManager": "גיל נאמן"
    },
    {
      "EventType": "COURSE",
      "Authority": "קריית שמונה",
      "School": "מצודות",
      "Program": "ביומימיקרי",
      "CourseManager": "גיל נאמן",
      "Employee": "אביב בלנדר",
      "EmployeeID": 1522,
      "Date1": 46104,
      "Date2": 46125,
      "Date3": 46139,
      "Date4": 46146,
      "Date5": 46153,
      "Date6": 46160,
      "Date7": 46167,
      "Date8": 46174,
      "Date9": 46181,
      "Date10": 46188,
      "Date11": 46195,
      "Date12": 46202,
      "End": 46202,
      "MonthEnd": 6,
      "MonthStart": 3,
      "Dates": [
        46104,
        46125,
        46139,
        46146,
        46153,
        46160,
        46167,
        46174,
        46181,
        46188,
        46195,
        46202
      ],
      "InstructorManager": "גיל נאמן"
    },
    {
      "EventType": "COURSE",
      "Authority": "קריית שמונה",
      "School": "תל-חי",
      "Program": "ביומימיקרי",
      "CourseManager": "גיל נאמן",
      "Employee": "אביב בלנדר",
      "EmployeeID": 1522,
      "StartTime": 0.33333333333333326,
      "EndTime": 0.40277777777777746,
      "Date1": 46089,
      "Date2": 46096,
      "Date3": 46103,
      "Date4": 46124,
      "Date5": 46131,
      "Date6": 46138,
      "Date7": 46145,
      "Date8": 46152,
      "Date9": 46159,
      "Date10": 46166,
      "End": 46166,
      "MonthEnd": 5,
      "MonthStart": 3,
      "Dates": [
        46089,
        46096,
        46103,
        46124,
        46131,
        46138,
        46145,
        46152,
        46159,
        46166
      ],
      "InstructorManager": "גיל נאמן"
    },
    {
      "EventType": "COURSE",
      "Authority": "קריית שמונה",
      "School": "מתנ\"ס",
      "Program": "תלמידים להייטק",
      "CourseManager": "גיל נאמן",
      "Employee": "אביב בלנדר",
      "EmployeeID": 1522,
      "StartTime": 0.6874999999999987,
      "EndTime": 0.7291666666666652,
      "Date1": 45965,
      "Date2": 45972,
      "Date3": 45979,
      "Date4": 45986,
      "Date5": 45993,
      "Date6": 46000,
      "Date7": 46014,
      "Date8": 46021,
      "Date9": 46028,
      "Date10": 46035,
      "Date11": 46042,
      "Date12": 46049,
      "Date13": 46056,
      "Date14": 46063,
      "Date15": 46070,
      "Date16": 46077,
      "Date17": 46098,
      "Date18": 46126,
      "Date19": 46140,
      "Date20": 46147,
      "Date21": 46154,
      "Date22": 46161,
      "Date23": 46168,
      "Date24": 46175,
      "Date25": 46182,
      "Date26": 46189,
      "Date27": 46196,
      "Date28": 46203,
      "End": 46203,
      "MonthEnd": 6,
      "MonthStart": 11,
      "Dates": [
        45965,
        45972,
        45979,
        45986,
        45993,
        46000,
        46014,
        46021,
        46028,
        46035,
        46042,
        46049,
        46056,
        46063,
        46070,
        46077,
        46098,
        46126,
        46140,
        46147,
        46154,
        46161,
        46168,
        46175,
        46182,
        46189,
        46196,
        46203
      ],
      "InstructorManager": "גיל נאמן"
    },
    {
      "EventType": "COURSE",
      "Authority": "קריית שמונה",
      "School": "מתנ\"ס",
      "Program": "תלמידים להייטק",
      "CourseManager": "גיל נאמן",
      "Employee": "אביב בלנדר",
      "EmployeeID": 1522,
      "StartTime": 0.7291666666666652,
      "EndTime": 0.7499999999999984,
      "Date1": 45965,
      "Date2": 45972,
      "Date3": 45979,
      "Date4": 45986,
      "Date5": 45993,
      "Date6": 46000,
      "Date7": 46014,
      "Date8": 46021,
      "Date9": 46028,
      "Date10": 46035,
      "Date11": 46042,
      "Date12": 46049,
      "Date13": 46056,
      "Date14": 46063,
      "Date15": 46070,
      "Date16": 46077,
      "Date17": 46098,
      "Date18": 46126,
      "Date19": 46140,
      "Date20": 46147,
      "Date21": 46154,
      "Date22": 46161,
      "Date23": 46168,
      "Date24": 46175,
      "Date25": 46182,
      "Date26": 46189,
      "Date27": 46196,
      "Date28": 46203,
      "End": 46203,
      "MonthEnd": 6,
      "MonthStart": 11,
      "Dates": [
        45965,
        45972,
        45979,
        45986,
        45993,
        46000,
        46014,
        46021,
        46028,
        46035,
        46042,
        46049,
        46056,
        46063,
        46070,
        46077,
        46098,
        46126,
        46140,
        46147,
        46154,
        46161,
        46168,
        46175,
        46182,
        46189,
        46196,
        46203
      ],
      "InstructorManager": "גיל נאמן"
    }
  ]
}