{
  "name": "ראנה סאלח",
  "data": [
    {
      "EventType": "COURSE",
      "Authority": "מג'דל שמס",
      "School": "מג'דל שמס",
      "Program": "ביומימיקרי לחטיבה",
      "CourseManager": "גיל נאמן",
      "Employee": "ראנה סאלח",
      "EmployeeID": 1523,
      "StartTime": 0.4895833333333327,
      "EndTime": 0.5590277777777769,
      "Date1": 46058,
      "Date2": 46065,
      "Date3": 46072,
      "Date4": 46079,
      "Date5": 46086,
      "Date6": 46093,
      "Date7": 46100,
      "Date8": 46156,
      "Date9": 46170,
      "Date10": 46177,
      "End": 46177,
      "MonthEnd": 6,
      "MonthStart": 2,
      "Dates": [
        46058,
        46065,
        46072,
        46079,
        46086,
        46093,
        46100,
        46156,
        46170,
        46177
      ],
      "InstructorManager": "גיל נאמן"
    }
  ]
}