{
  "name": "קרן גורביץ",
  "data": [
    {
      "EventType": "COURSE",
      "Authority": "נתניה",
      "School": "אלדד",
      "Program": "יישומי AI",
      "CourseManager": "גיל נאמן",
      "Employee": "קרן גורביץ",
      "EmployeeID": 1514,
      "StartTime": 0.3437499999999999,
      "EndTime": 0.4479166666666662,
      "Date1": 46030,
      "Date2": 46037,
      "Date3": 46044,
      "Date4": 46051,
      "Date5": 46058,
      "Date6": 46065,
      "Date7": 46065,
      "Date8": 46072,
      "Date9": 46079,
      "Date10": 46086,
      "End": 46086,
      "MonthEnd": 3,
      "MonthStart": 1,
      "Dates": [
        46030,
        46037,
        46044,
        46051,
        46058,
        46065,
        46065,
        46072,
        46079,
        46086
      ],
      "InstructorManager": "גיל נאמן"
    },
    {
      "EventType": "COURSE",
      "Authority": "בנימינה",
      "School": "מתנ\"ס",
      "Program": "מייקרים",
      "CourseManager": "גיל נאמן",
      "Employee": "קרן גורביץ",
      "EmployeeID": 1514,
      "StartTime": 0.6354166666666655,
      "EndTime": 0.677083333333332,
      "Date1": 45904,
      "Date2": 45911,
      "Date3": 45918,
      "Date4": 45953,
      "Date5": 45960,
      "Date6": 45967,
      "Date7": 45974,
      "Date8": 45981,
      "Date9": 45988,
      "Date10": 45995,
      "Date11": 46002,
      "Date12": 46016,
      "Date13": 46030,
      "Date14": 46037,
      "Date15": 46044,
      "Date16": 46051,
      "Date17": 46058,
      "Date18": 46065,
      "Date19": 46072,
      "Date20": 46079,
      "Date21": 46093,
      "Date22": 46100,
      "Date23": 46121,
      "Date24": 46128,
      "Date25": 46135,
      "Date26": 46142,
      "Date27": 46149,
      "Date28": 46156,
      "Date29": 46163,
      "Date30": 46170,
      "End": 46170,
      "MonthEnd": 5,
      "MonthStart": 9,
      "Dates": [
        45904,
        45911,
        45918,
        45953,
        45960,
        45967,
        45974,
        45981,
        45988,
        45995,
        46002,
        46016,
        46030,
        46037,
        46044,
        46051,
        46058,
        46065,
        46072,
        46079,
        46093,
        46100,
        46121,
        46128,
        46135,
        46142,
        46149,
        46156,
        46163,
        46170
      ],
      "InstructorManager": "גיל נאמן"
    },
    {
      "EventType": "COURSE",
      "Authority": "בנימינה",
      "School": "מתנ\"ס",
      "Program": "מייקרים",
      "CourseManager": "גיל נאמן",
      "Employee": "קרן גורביץ",
      "EmployeeID": 1514,
      "StartTime": 0.5833333333333324,
      "EndTime": 0.6249999999999989,
      "Date1": 45904,
      "Date2": 45911,
      "Date3": 45918,
      "Date4": 45953,
      "Date5": 45960,
      "Date6": 45967,
      "Date7": 45974,
      "Date8": 45981,
      "Date9": 45988,
      "Date10": 45995,
      "Date11": 46002,
      "Date12": 46016,
      "Date13": 46030,
      "Date14": 46037,
      "Date15": 46044,
      "Date16": 46051,
      "Date17": 46058,
      "Date18": 46065,
      "Date19": 46072,
      "Date20": 46079,
      "Date21": 46093,
      "Date22": 46100,
      "Date23": 46121,
      "Date24": 46128,
      "Date25": 46135,
      "Date26": 46142,
      "Date27": 46149,
      "Date28": 46156,
      "Date29": 46163,
      "Date30": 46170,
      "End": 46170,
      "MonthEnd": 5,
      "MonthStart": 9,
      "Dates": [
        45904,
        45911,
        45918,
        45953,
        45960,
        45967,
        45974,
        45981,
        45988,
        45995,
        46002,
        46016,
        46030,
        46037,
        46044,
        46051,
        46058,
        46065,
        46072,
        46079,
        46093,
        46100,
        46121,
        46128,
        46135,
        46142,
        46149,
        46156,
        46163,
        46170
      ],
      "InstructorManager": "גיל נאמן"
    },
    {
      "EventType": "WORKSHOP",
      "Authority": "נתניה",
      "School": "אלתרמן",
      "Program": "תמיר - איפה דדי?",
      "CourseManager": "גיל נאמן",
      "Employee": "קרן גורביץ",
      "EmployeeID": 1514,
      "StartTime": 0.3333333333333333,
      "EndTime": 0.3680555555555556,
      "Date1": 46103,
      "Date2": "",
      "Date3": "",
      "Date4": "",
      "Date5": "",
      "Date6": "",
      "Date7": "",
      "Date8": "",
      "Date9": "",
      "Date10": "",
      "Date11": "",
      "Date12": "",
      "Date13": "",
      "Date14": "",
      "Date15": "",
      "Date16": "",
      "Date17": "",
      "Date18": "",
      "Date19": "",
      "Date20": "",
      "Date21": "",
      "Date22": "",
      "Date23": "",
      "Date24": "",
      "Date25": "",
      "Date26": "",
      "Date27": "",
      "Date28": "",
      "Date29": "",
      "Date30": "",
      "Dates": [
        46103
      ],
      "InstructorManager": "גיל נאמן"
    },
    {
      "EventType": "WORKSHOP",
      "Authority": "נתניה",
      "School": "אלתרמן",
      "Program": "תמיר - איפה דדי?",
      "CourseManager": "גיל נאמן",
      "Employee": "קרן גורביץ",
      "EmployeeID": 1514,
      "StartTime": 0.3680555555555556,
      "EndTime": 0.3993055555555556,
      "Date1": 46103,
      "Date2": "",
      "Date3": "",
      "Date4": "",
      "Date5": "",
      "Date6": "",
      "Date7": "",
      "Date8": "",
      "Date9": "",
      "Date10": "",
      "Date11": "",
      "Date12": "",
      "Date13": "",
      "Date14": "",
      "Date15": "",
      "Date16": "",
      "Date17": "",
      "Date18": "",
      "Date19": "",
      "Date20": "",
      "Date21": "",
      "Date22": "",
      "Date23": "",
      "Date24": "",
      "Date25": "",
      "Date26": "",
      "Date27": "",
      "Date28": "",
      "Date29": "",
      "Date30": "",
      "Dates": [
        46103
      ],
      "InstructorManager": "גיל נאמן"
    },
    {
      "EventType": "WORKSHOP",
      "Authority": "נתניה",
      "School": "אלתרמן",
      "Program": "תמיר - איפה דדי?",
      "CourseManager": "גיל נאמן",
      "Employee": "קרן גורביץ",
      "EmployeeID": 1514,
      "StartTime": 0.4201388888888889,
      "EndTime": 0.4548611111111111,
      "Date1": 46103,
      "Date2": "",
      "Date3": "",
      "Date4": "",
      "Date5": "",
      "Date6": "",
      "Date7": "",
      "Date8": "",
      "Date9": "",
      "Date10": "",
      "Date11": "",
      "Date12": "",
      "Date13": "",
      "Date14": "",
      "Date15": "",
      "Date16": "",
      "Date17": "",
      "Date18": "",
      "Date19": "",
      "Date20": "",
      "Date21": "",
      "Date22": "",
      "Date23": "",
      "Date24": "",
      "Date25": "",
      "Date26": "",
      "Date27": "",
      "Date28": "",
      "Date29": "",
      "Date30": "",
      "Dates": [
        46103
      ],
      "InstructorManager": "גיל נאמן"
    },
    {
      "EventType": "WORKSHOP",
      "Authority": "נתניה",
      "School": "אלתרמן",
      "Program": "תמיר - איפה דדי?",
      "CourseManager": "גיל נאמן",
      "Employee": "קרן גורביץ",
      "EmployeeID": 1514,
      "StartTime": 0.4548611111111111,
      "EndTime": 0.4861111111111111,
      "Date1": 46103,
      "Date2": "",
      "Date3": "",
      "Date4": "",
      "Date5": "",
      "Date6": "",
      "Date7": "",
      "Date8": "",
      "Date9": "",
      "Date10": "",
      "Date11": "",
      "Date12": "",
      "Date13": "",
      "Date14": "",
      "Date15": "",
      "Date16": "",
      "Date17": "",
      "Date18": "",
      "Date19": "",
      "Date20": "",
      "Date21": "",
      "Date22": "",
      "Date23": "",
      "Date24": "",
      "Date25": "",
      "Date26": "",
      "Date27": "",
      "Date28": "",
      "Date29": "",
      "Date30": "",
      "Dates": [
        46103
      ],
      "InstructorManager": "גיל נאמן"
    },
    {
      "EventType": "WORKSHOP",
      "Authority": "נתניה",
      "School": "אלתרמן",
      "Program": "תמיר - איפה דדי?",
      "CourseManager": "גיל נאמן",