{
  "name": "אמיר מלמוד",
  "data": [
    {
      "EventType": "COURSE",
      "Authority": "באר שבע",
      "School": "מקיף ג'",
      "Program": "רוקחים עולם",
      "CourseManager": "לינוי שמואל מזרחי",
      "Employee": "אמיר מלמוד",
      "EmployeeID": 1508,
      "StartTime": 0.3749999999999998,
      "EndTime": 0.40624999999999967,
      "Date1": 45970,
      "Date2": 45984,
      "Date3": 45991,
      "Date4": 45998,
      "Date5": 46019,
      "Date6": 46026,
      "Date7": 46033,
      "Date8": 46040,
      "Date9": 46047,
      "Date10": 46054,
      "Date11": 46061,
      "Date12": 46068,
      "Date13": 46075,
      "Date14": 46096,
      "Date15": 46103,
      "Date16": 46124,
      "Date17": 46131,
      "Date18": 46138,
      "Date19": 46145,
      "Date20": 46152,
      "Date21": 46159,
      "Date22": 46166,
      "Date23": 46173,
      "Date24": 46180,
      "Date25": 46187,
      "Date26": 46194,
      "Date27": 46201,
      "Date28": 46208,
      "End": 46208,
      "MonthEnd": 7,
      "MonthStart": 11,
      "Dates": [
        45970,
        45984,
        45991,
        45998,
        46019,
        46026,
        46033,
        46040,
        46047,
        46054,
        46061,
        46068,
        46075,
        46096,
        46103,
        46124,
        46131,
        46138,
        46145,
        46152,
        46159,
        46166,
        46173,
        46180,
        46187,
        46194,
        46201,
        46208
      ],
      "InstructorManager": "לינוי שמואל מזרחי"
    }
  ]
}